Aalart,Acques,Admand,Adrard,Adrognese,Aethelred,Afranius,Agnan,Airde,Alemont,Ales,Alielle,Alinie,Aloette,Alois,Alouette,Althen,Altien,Amadour,Amedee,Amelion,Ancelet,Ancent,Ancois,Andras,Andre,Andrese,Anquetil,Antienne,Antieve,Arbogasque,Arcole,Aric,Armene,Arne,Arnese,Arsenault,Artan,Arthe,Ascenge,Ascent,Ashcroft,Ashfield,Ashford,Ashham,Ashhart,Ashhouse,Ashing,Ashsley,Ashsly,Ashsmith,Ashston,Ashtic,Ashton,Ashwing,Astier,Auberdine,Aubertin,Augier,Auline,Aumel,Aumilie,Aurelie,Aurilie,Aurmine,Auzin,Avagour,Avau,Babiloine,Babin,Bachand,Bacqure,Badouin,Baelborne,Balbus,Bantien,Barbe,Barclay,Bargeron,Barthel,Barthis,Beanique,Beauchamp,Beaufort,Bedel,Begnaud,Belaine,Belaram,Belette,Bellamont,Belland,Belloq,Beluelle,Benel,Benele,Benichou,Benoit,Berard,Berene,Beriel,Berouche,Berri,Bertault,Bezons,Bielle,Bienena,Bienne,Bierles,Bincal,Birian,Blakeley,Blakeny,Bloodcaller,Bochur,Boissart,Bontecou,Bordier,Bossard,Bouchard,Boulat,Boutard,Bracques,Bran,Branck,Brassac,Bridgette,Bridwell,Brigette,Broc,Broles,Brolus,Brousseau,Bruc,Bruhl,Brussiner,Brutya,Buckingcroft,Buckingfield,Buckingford,Buckingham,Buckinghart,Buckinghouse,Buckinging,Buckingsley,Buckingsly,Buckingsmith,Buckingston,Buckington,Buckingwing,Cadiou,Calhagen,Callyn,Canis,Canne,Cantillon,Capron,Caria,Caristiana,Cariveau,Carlier,Carme,Carsitien,Cartier,Cassel,Castille,Catreau,Cedmain,Ceirans,Celd,Celiane,Cergend,Cerone,Chachere,Chamrond,Channitte,Charascel,Charchere,Charien,Charis,Charlerel,Charmax,Charnis,Chatillon,Chaudry,Chauvry,Cheval,Chriane,Chriditte,Chrinitte,Chrirnis,Cienne,Cine,Cirges,Clavarie,Claverie,Conele,Conrele,Coppercroft,Copperfield,Copperford,Copperham,Copperhart,Copperhouse,Coppering,Coppersley,Coppersly,Coppersmith,Copperston,Copperton,Copperwing,Coravel,Corgine,Coriel,Cornillac,Cottret,Coulon,Countenain,Countenan,Courcelles,Coutenan,CraigLescher,Croix,Croque,Crowe,Daigre,Dailland,Daillon,Dalielle,Dalomax,Dalot,Dancent,Daniel,Danise,Dantaine,Dantien,Darkblood,Darkworth,Dathieu,Dauzat,Davaux,DeBuke,Dechery,Delatte,Deleyn,Delrusc,Demarie,Dencent,Denile,Denter,Dercirent,Derone,Derre,Derren,Desant,Desele,Detelle,Devry,Diel,Doisne,Dolbanitte,Don,Donolon,Donze,Doran,Dorell,Dortene,Douar,Douare,Douer,Doure,Draconis,DuBois,Dubeau,Dubois,Dubosc,Dubroc,Dufont,Dugot,Dulroi,Dupare,Dupertuis,Duront,Dusant,Dutheil,Dutil,Eardwulf,Edette,Edier,Edilitte,Edrald,Elbert,Elles,Ellioni,Elve,Emain,Emard,Emarie,Emarthe,Emax,Ence,Endell,Endre,Eniel,Ephine,Epinard,Erelie,Erelle,Ergalla,Ergend,Ergene,Eriel,Ernarde,Ernele,Errard,Ervine,Esmery,Etanne,Etelette,Etienne,Eugenie,Euginie,Eugne,Evane,Evrard,Facian,Fairfax,Falbert,Faleille,Falkwind,Falon,Falvo,Fanis,Fanriene,Farielle,Farnele,Farr,Farro,Fassel,Fauconniere,Favraud,Favret,Feldrin,Fenandre,Festinius,Fevre,Finley,Finstock,Flaubert,Fontbonne,Foucher,Fralinie,Franc,Franis,Frasoric,Fren,Frenck,Frernele,Frernis,Frey,Frinck,Gaercroft,Gaerfield,Gaerford,Gaerham,Gaerhart,Gaerhouse,Gaering,Gaersley,Gaersly,Gaersmith,Gaerston,Gaerton,Gaerwing,Gagnon,Galena,Galien,Gamache,Gane,Garcique,Garick,Garnier,Garoutte,Garscroft,Gautier,Gavendien,Gavendier,Gavinius,Gavonne,Gedanis,Geles,Geline,Gelves,Gemain,Gemane,Gene,Genin,Genis,Geonette,Geontene,Georence,Georick,Geornis,Geric,Gerieux,Germarc,Gernand,Gernis,Gestor,Gette,Geves,Gevette,Gevont,Gidric,Gilbeau,Gilelle,Gimbert,Ginis,Ginise,Ginsen,Girien,Giroux,Gomberville,Gorlash,Gousse,Granger,Greencroft,Greenfield,Greenford,Greenham,Greenhart,Greenhouse,Greening,Greensley,Greensly,Greensmith,Greenston,Greenton,Greenwing,Gregorie,Grondin,Guegan,Guerat,Guevenne,Guidroz,Guillon,Guissant,Gulitte,Gurles,Gustave,Guylitte,Guylves,Hall,Harbert,Hastien,Hawkcroft,Hawkfield,Hawkford,Hawkham,Hawkhart,Hawkhouse,Hawking,Hawksley,Hawksly,Hawksmith,Hawkston,Hawkton,Hawkwing,Hawrond,Hearthcroft,Hearthfield,Hearthford,Hearthham,Hearthhart,Hearthhouse,Hearthing,Hearthsley,Hearthsly,Hearthsmith,Hearthston,Hearthton,Hearthwing,Heartwound,Hedier,Helane,Helena,Helomaine,Hemmet,Henoit,Henyra,Hequetot,Hermant,Herrick,Hinault,Hiriel,Hoger,Holette,Hositte,Hoïnart,Hu,Hurier,Ildene,Imbel,Inkskin,Jarnot,Jascien,Jastal,Jeanard,Jeanne,Jeannie,Jeanyn,Jegnole,Jeline,Jemane,Jend,Jenole,Jenseric,Jerenise,Jerick,Jerine,Jes,Jeuneau,Jodain,Jodoin,Jolvanne,Jondrelle,Jonnicent,Julalanie,Junciennes,Jurard,Jurelette,Justal,Jutras,Kel,Kerbol,Kingcroft,Kingfield,Kingford,Kingham,Kinghart,Kinghouse,Kinging,Kingsley,Kingsly,Kingsmith,Kingston,Kington,Kingwing,Kinlin,Kirbatha,Knodel,Korine,LaRouche,Labouche,Lacroix,Laelippe,Laffoon,Lafont,Laggard,Lamont,Lan,Lancarl,Landreau,Langey,Lanie,Lanier,Lariat,Larocque,Larouche,Lateur,Laul,Laumont,Laurent,Laussac,Lauzon,Lavedan,Lavergne,LeBlanc,Leland,Lelles,Lemaitre,Lemal,Lemonds,Len,Lencolia,Leonciele,Leoriane,Leraud,Lerineaux,Letarte,Letrush,Leveque,Levys,Lia,Liancourt,Lielle,Lielleve,Limax,Liric,Lirlane,Lirrian,Litlin,Litte,Loche,Locke,Lonacque,Long,Longis,Longtemps,Lort,Lothaire,Loumont,Louvain,Lozieres,Lozon,Luillier,Luluelle,Lurgette,Luric,Luseph,Lydelle,Lylvieve,Lynielle,Maborel,Macien,Macile,Madach,Madier,Magaudin,Magius,Maguadin,Malanie,Malarelie,Malene,Malhaven,Mallon,Malloni,Mallory,Malon,Malveaux,Malyne,Mandin,Manette,Manis,Mannick,Manteau,Mantel,Marane,Marcauld,Marceau,Marck,Marcott,Marence,Marguenaut,Maric,Marie,Marigny,Marolles,Marose,Marquad,Marquardt,Maryon,Masolaude,Masoriane,Mastercroft,Masterfield,Masterford,Masterham,Masterhart,Masterhouse,Mastering,Mastersley,Mastersly,Mastersmith,Masterston,Masterton,Masterwing,Mastien,Maston,Mathierry,Mathis,Matine,Matreinace,Maucroix,Maul,Maulinie,Maurard,Mavine,Maviniele,Mazure,Melie,Menant,Mene,Menillet,Menoit,Merchad,Merian,Meric,Merick,Meriel,Merowald,Metayer,Metivier,Metrick,Mielde,Milielle,Miller,Milvan,Missonnier,Molose,Mon,Mona,Monbault,Mondorie,Monet,Moniel,Monstrose,Montagne,Montaine,Montarbault,Montclair,Montgren,Montgrun,Montieu,Montlogue,Montrose,Montue,Moorcroft,Moorfield,Moorford,Moorham,Moorhart,Moorhouse,Mooring,Moorsley,Moorsly,Moorsmith,Moorston,Moorton,Moorwing,Morascel,Moresby,Moret,Morfin,Mornardl,Morrad,Morrard,Mortieu,Motierre,Mouriou,Munier,Muric,Murien,Murric,Nalskin,Narcien,Nashrith,Nathans,Natien,Nelk,Nermarc,Nerva,Nestal,Niert,Nin,Nisirrien,Noellaume,Normar,Northwind,Northwode,Nosebreaker,Notte,Nunier,Nurin,Nytte,Ocella,Odette,Oges,Oltz,Oncent,Ondare,Ondre,Onfroi,Onis,Oresme,Orinth,Oris,Oscent,Ottus,Ouren,Pajaud,Palielle,Pamarc,Panitte,Panoit,Pathierry,Paumier,Pavelle,Pellegrin,Pellingare,Pendlesmith,Peneles,Penot,Peronard,Perrick,Petit,Peyron,Phien,Phiencel,Philippe,Philulanie,Phirrienele,Pierel,Pierrane,Pirouet,Plouff,Plourde,Pouzou,Praul,Prevette,Pujol,Quintin,Quirin,Rafelen,Ragon,Raiment,Rambouze,Rane,Rangifer,Rangouze,Rarnis,Raze,Rechiche,Redain,Reille,Relin,Relippe,Remly,Ren,Renaudin,Renault,Renoit,Rernis,Restane,Retene,Retiene,Reynaud,Reyneaux,Richaut,Rielle,Rirne,Rirniel,Riscel,Rissiel,Robins,Rocque,Rodayne,Rohde,Rolaine,Rolston,Ronise,Roreles,Rorielle,Rostorard,Rouillac,Ruman,Ruqueville,Rusone,Rye,Saklin,San,Sansone,Santerre,Sauvage,Scraeg,Sele,Sellan,Selone,Sephinie,Serene,Serielle,Serien,Serouge,Serpe,Serre,Sette,Seychelle,Shaldon,Sidrey,Silane,Silvelle,Silvey,Simiseph,Siniel,Sintieve,Sorick,Souar,Sourt,Spenard,Spletis,Stedrine,Stegine,Stelanie,Stemuseph,Stenck,Stende,Stenric,Stental,Stentor,Sterone,Sterrien,Stieve,Stogrin,Stoine,Stoneshaper,Stower,Stroud,Surges,Surilie,Surille,Sylbenitte,Sylberfain,Tailas,Tailies,Talemelier,Talnarith,Taloet,Tamrith,Tanier,Tardif,Tauzin,Teague,Thal,Thelin,Themond,Thenephan,Thenitte,Thielde,ThierricSarazen,Thierry,Throm,Thybault,Tibbin,Tilwald,Toillier,Tramnil,Traven,Trebane,Trebarne,Tremouille,Treveur,Troivois,Tussaud,Tustin,Tyne,Ulanie,Urbyn,Urquine,Ursus,Valeine,Vallet,Valtieri,Vanne,Vardengroet,Varin,Varrid,Vautri,Vautrine,Vedaine,Velain,Velmont,Vervins,Vette,Vien,Vienne,Viernis,Vierniss,Viliane,Vinetier,Vinielle,Viralaine,Virane,Viranes,Virelande,Virien,Virmaulese,Voirol,Volcy,Vrouarde,Vyau,Vygant,Vyger,Vynier,Weller,Wennell,Wickcroft,Wickfield,Wickford,Wickham,Wickhart,Wickhouse,Wicking,Wicksley,Wicksly,Wicksmith,Wickston,Wickton,Wickwing,Winvale,Wirich,Woodcroft,Woodfield,Woodford,Woodham,Woodhart,Woodhouse,Wooding,Woodsley,Woodsly,Woodsmith,Woodston,Woodton,Woodwing,Yeomcroft,Yeomfield,Yeomford,Yeomham,Yeomhart,Yeomhouse,Yeoming,Yeomsley,Yeomsly,Yeomsmith,Yeomston,Yeomton,Yeomwing,Ysciele,Yunlin,Yvienne,Zammes,Zola,Zulin,Zurric,Zylippe
