Abel,Absolard,Absolet,Achane,Achene,Achibert,Achille,Adair,Adalard,Adam,Adeber,Adel,Adistair,Adnot,Adric,Adrien,Adrone,Adwig,Aelwin,Agrane,Agrard,Agrastyr,Agristair,Agristyr,Agrore,Agroryan,Agryctor,Agryn,Agrynak,Agryrick,Agryval,Agrywyr,Ailex,Aillard,Aime,Aimeric,Ajac,Alabane,Alabard,Alabastyr,Alabistair,Alabistyr,Alabore,Alaboryan,Alabyctor,Alabyn,Alabynak,Alabyrick,Alabyval,Alabywyr,Alain,Alaird,Alard,Albec,Alberic,Albert,Aldouin,Aleron,Alesace,Alessiac,Alessio,Alexain,Alexis,Alezan,Alfred,Alinon,Alix,Allan,Allunen,Alodie,Aloin,Alois,Alouis,Alphaury,Alphonse,Altus,Alvaren,Alvuin,Amable,Amaund,Amaury,Amberic,Ambroise,Amelus,Amiable,Amiberl,Anatole,Ancus,Andane,Andard,Andastyr,Andbert,Andistair,Andistyr,Andore,Andoryan,Andre,Andrec,Androche,Androne,Andyctor,Andyn,Andynak,Andyrick,Andyval,Andywyr,Angof,Annibal,Antoine,Anton,Antonin,Aphaurin,Aphren,Arbert,Arcady,Archimbert,Archimbide,Aresin,Aribert,Armel,Armin,Arnand,Arnaud,Arniel,Arnitole,Arnoth,Arnousten,Arphevic,Arthur,Asard,Astav,Astien,Athanin,Athel,Atroque,Aubaud,Auberic,Aude,Audric,Auglard,Auguste,Aveberl,Avent,Averio,Avrippe,Axel,Balik,Balin,Banyrick,Baragon,Baralyn,Barjot,Barnabe,Barnand,Barthel,Bartram,Baryctor,Basile,Basilien,Bastibien,Bastien,Baurion,Bazler,Beaubel,Beaucourt,Beaunois,Bedane,Bedard,Bedastair,Bedastyr,Bedistair,Bedistyr,Bedore,Bedoryan,Bedyctor,Bedyn,Bedynak,Bedyrick,Bedyval,Bedywyr,Begnaud,Belethor,Belic,Bendais,Bendt,Benjamin,Benjamund,Benjamyn,Benoit,Benry,Beran,Bereditte,Beric,Berjac,Berjamund,Bernamund,Bernard,Bernardine,Bertran,Bertrand,Beryn,Birard,Bistrand,Blaise,Blasius,Blithe,Boeuf,Bradon,Brandish,Bric,Brice,Bruc,Brucetus,Brulo,Brunile,Bruno,Brussec,Buneau,Cahusque,Calden,Calis,Calixte,Cambio,Canollot,Cantier,Caoiss,Casimir,Cavot,Celann,Celnard,Cesamund,Cesarel,Chantot,Charbriel,Charlebert,Charlemic,Charlemund,Charlerel,Charleric,Charques,Chartrand,Chedric,Chervain,Chrismin,Christoph,Christophe,Churley,Ciel,Cimon,Cirges,Claude,Claumin,Clauvis,Clement,Clinton,Clovis,Cogline,Colane,Colbois,Colby,Colin,Colwin,Colwyn,Condier,Condrenn,Corbyn,Cordier,Corentin,Corlas,Corrick,Corwyn,Coyne,Craig,Crenard,Crendal,Curtice,Cynric,Cyntoine,Cyrill,Dacele,Daimbert,Daine,Dalan,Dalenc,Damard,Damian,Damien,Danders,Danforth,Daniel,Dantoine,Danual,Danwyche,Darcy,Daribert,Daric,Dariel,Darien,Dariot,Daro,Darrel,Darren,Darric,Darron,Darryn,Darvell,Davide,Davier,Davyd,Debentien,Degaratien,Delacourt,Delane,Delric,Delven,Delvin,Derrell,Destaine,Destane,Detritus,Deverak,Deveral,Dhalen,Didier,Dilan,Dilborn,Dimitri,Donel,Donnel,Dorand,Dore,Dorel,Dorian,Doumant,Doumont,Dracien,Drago,Dran,Draven,Drivien,Dunane,Dunard,Dunastyr,Duncan,Dunimond,Dunistair,Dunistyr,Dunore,Dunoryan,Dunyctor,Dunyn,Dunynak,Dunyrick,Dunyval,Dunywyr,Dureau,Dydier,Dyric,Eadwyre,Ealis,Edain,Edgar,Edgard,Edmund,Edouard,Edreld,Edric,Edrien,Edryg,Eduard,Edwane,Edward,Edwastyr,Edweg,Edwistair,Edwistyr,Edwore,Edworyan,Edwyctor,Edwyn,Edwynak,Edwyrick,Edwyval,Edwywyr,Elbert,Eliam,Ellic,Elmonde,Elnis,Eloic,Eltrys,Emeric,Emile,Emiliard,Emilien,Emmandic,Emmanuel,Emmerard,Emnard,Emory,Emoryan,Endemel,Ennemond,Enri,Enrick,Erind,Erj,Ernand,Ernard,Ernele,Ernest,Ernirus,Erold,Erwan,Escabert,Escamel,Esmark,Esmond,Esquier,Esteve,Estien,Estienn,Ethian,Etiache,Etienne,Eugal,Eugien,Eustis,Evien,Evinn,Evrart,Fabremund,Fabrice,Farelle,Faric,Farvour,Federic,Felgol,Felipe,Felyx,Fenas,Ferarilie,Ferou,Ferrand,Ferrum,Filbert,Filibert,Finious,Florenot,Florent,Floyd,Fonten,Fontenot,Foucault,Franck,Francois,Francois*,Francynak,Franque,Frederic,Frederuno,Frencque,Frilan,Frizkav,Frizwyr,Frostien,Frubert,Frugo,Fugues,Gaban,Gabin,Gaboryan,Gabrien,Gabryel,Gaffer,Gailen,Gaillard,Gallivere,Gan,Ganet,Garbert,Garron,Garth,Garvey,Gascone,Gaspar,Gaspard,Gasparien,Gastarge,Gastau,Gasteau,Gaston,Gaubert,Gauldur,Gaven,Gavin,Gavos,Gavrard,Gavric,Gawayne,Gedric,Gelem,Gelvin,Gennove,Geon,Geonard,Geor,Georges,Gepard,Gepelem,Gerard,Geraud,Gerbert,Geric,Gernaud,Gerrald,Gessure,Gib,Gierry,Gil,Gilbard,Gilbert,Gilgoire,Gilles,Ginus,Giorges,Giraud,Gitienne,Glaubert,Glover,Gondane,Gondard,Gondastyr,Gondistair,Gondistyr,Gondore,Gondoryan,Gondyctor,Gondyn,Gondynak,Gondyrick,Gondyval,Gondywyr,Gordon,Gordyn,Gothryd,Graham,Grancis,Grandeau,Granden,Granier,Grantham,Gregoire,Gregory,Grivier,Grobert,Grugues,Gryf,Gudyn,Guilbert,Guillaume,Guilliot,Guitaut,Gustave,Guy,Guybert,Guymund,Guyseph,Gyrard,Gyron,Hacques,Halar,Hamelyn,Handyn,Hannibal,Harald,Harbin,Harcourt,Haskill,Hastrel,Hennabear,Henri,Henrien,Herane,Herluin,Heron,Herric,Hervetole,Hescot,Heseph,Hierot,Hilaire,Holbert,Horstle,Hoster,Hubert,Huet,Hughes,Hulbert,Idaron,Idhdean,Igleric,Igmund,Ignace,Ignobert,Ilzo,Inwold,Irbran,Irnand,Irvic,Istirus,Jac,Jacmund,Jacques,Jadien,Jadier,Jakarn,Jakben,Jansen,Janvin,Jarnot,Jascien,Jasper,Jauffre,Javerien,Javiel,Javier,Jean,Jean-Jacques,Jean-Pierre,Jeanciele,Jeanrobin,Jerall,Jeran,Jerard,Jeraud,Jeremie,Jerian,Jernald,Jeromec,Jerromec,Jesper,Jhared,Jim,Jimy,Jocien,Joheric,Joile,Jolippe,Jollivet,Jonah,Joncis,Jonne,Jorden,Jorvuld,Jossen,Jouane,Jowan,Juberic,Juillen,Julien,Juste,Kalhot,Kalin,Kareem,Kasorayn,Kastus,Kasynac,Kasynak,Kathad,Kathner,Kauric,Kellis,Kelmen,Kilian,Kip,Kirk,Krag,Krasdore,Kurt,Kylian,Lanard,Landal,Lanie,Lanis,Lanobert,Lanovic,Laroche,Lartigue,Lauric,Laurient,Laurisac,Lazare,Leclaude,Len,Lenet,Lennoc,Leo,Leobert,Leobois,Leon,Leonaud,Leonce,Leonhard,Leric,Leseph,Lestault,Lewin,Leynard,Liam,Lionel,Lisien,Listien,Loic,Lonel,Lorant,Lort,Louard,Loucel,Louic,Louis,Loupel,Louveau,Luc,Lucas,Lucien,Ludippe,Ludovic,Lumagne,Lureau,Lurelien,Lyam,Lywel,Maecald,Mael,Maldred,Malkoran,Mandel,Manis,Marane,Marbet,Marc,Marcel,Marchel,Marco,Marcoryan,Marent,Marg,Marjaques,Marley,Marnest,Marone,Marq,Marrec,Martin,Martine,Marwig,Mathias,Mathieu,Mathon,Mathys,Matthew,Matthias,Matthiaume,Matthieu,Matys,Maul,Maurice,Mavus,Maxelot,Maxevain,Maxim,Mebestien,Mederic,Menehl,Menoit,Merard,Mercer,Merien,Merten,Merthierry,Merthyval,Merton,Michaniel,Michebert,Michel,Micholas,Milo,Miquel,Mirten,Mivier,Mobar,Mollier,Mordane,Mordard,Mordastyr,Mordistair,Mordistyr,Mordore,Mordoryan,Mordyctor,Mordyn,Mordynak,Mordyrick,Mordyval,Mordywyr,Moric,Morric,Morten,Mortine,Morvan,Morven,Munche,Muran,Mylo,Myn,Nael,Nak'tah,Nathaniel,Nellic,Nemic,Nepas,Nicholas,Nicolard,Nicolas,Nilas,Nirine,Nivos,Noah,Noam,Noleon,Noloen,Nolore,Nombert,Nompar,Norbert,Octieve,Octin,Octivien,Odei,Ogier,Olivier,Olwin,Omistyr,Ondre,Onfroi,Onri,Ormax,Orrard,Orrent,Orvel,Oscar,Oscard,Otten,Ouard,Oubelic,Ourson,Owayine,Owen,Padier,Parelle,Parquier,Parriot,Parsifal,Pascal,Pascual,Patraud,Paulemond,Paulin,Paur,Pavel,Perane,Perard,Perastyr,Percy,Perien,Peristair,Peristyr,Perore,Peroryan,Perrine,Perrot,Perry,Peryctor,Peryn,Perynak,Peryrick,Peryval,Perywyr,Peverel,Phaistyr,Phane,Phelain,Phelibert,Philien,Philimac,Philip,Phillic,Phinis,Pieron,Pierrand,Pierrant,Pierraud,Pierre,Pierric,Pierrie,Pilou,Piper,Popeil,Porthippe,Praxin,Pugereau,Quentin,Quentyn,Quinton,Quintor,Quistley,Quiston,Rahd,Raldan,Rallaume,Ramis,Ranes,Ranser,Raolin,Raphael,Rayan,Raylen,Redwyg,Reges,Relien,Remic,Remius,Remy,Renald,Renard,Renardou,Renchant,Renko,Renoit,Renwic,Rerlas,Reynald,Reynard,Reynaud,Richard,Richarde,Richien,Richion,Richon,Ricque,Riente,Robert,Roberto,Robier,Robyn,Rocheric,Rodane,Rodard,Rodastyr,Rodednain,Roderic,Rodistair,Rodistyr,Rodmand,Rodolphe,Rodore,Rodoryan,Rodyctor,Rodyn,Rodynak,Rodyrick,Rodyval,Rodywyr,Rogerain,Rogeraud,Rogier,Rogolphe,Rohlbert,Roland,Rolbert,Romain,Rowley,Rubyn,Ruffe,Ruran,Rurestian,Sadun,Salach,Salazar,Salomon,Sam,Samiel,Sammis,Samuel,Sandor,Sarvith,Sebastian,Sebastien,Serge,Sergerien,Sernays,Serrien,Severin,Silas,Simine,Simon,Sirion,Socucius,Solumor,Sorais,Soran,Sosil,Spencer,Staubin,Stefan,Stelvene,Stenwick,Stephen,Stephenn,Stephile,Sternis,Stibbons,Stral,Strastnoc,Stromm,Sunel,Suriel,Sutler,Sylon,Sylvain,Syndelius,Taig,Tamien,Telfour,Tetra,Tevenot,Theo,Theobald,Theodane,Theodard,Theodastyr,Theodistair,Theodistyr,Theodor,Theodore,Theodoryan,Theodric,Theodyctor,Theodyn,Theodynak,Theodyrick,Theodyval,Theodywyr,Theomund,Theophile,Theranis,Therich,Therron,Thetrard,Theyo,Thibauld,Thibault,Thibaut,Thibierry,Thibret,Thierric,Thierry,Thomas,Thomase,Thorley,Tildus,Tilgo,Timeo,Timmon,Timothee,Tolwin,Tom,Topheric,Torvic,Tourvic,Traelius,Treves,Trierre,Tristane,Tristard,Tristastyr,Trististair,Trististyr,Tristore,Tristoryan,Tristyctor,Tristyn,Tristynak,Tristyrick,Tristyval,Tristywyr,Trystan,Tryste,Tsiniuc,Turenn,Tyree,Ulrich,Ulstyr,Usquebald,Usquenot,Uthane,Uthard,Uthastyr,Utheccan,Uthistair,Uthistyr,Uthore,Uthoryan,Uthyctor,Uthyn,Uthynak,Uthyrick,Uthyval,Uthywyr,Vachel,Vaford,Valcent,Valentois,Vallis,Vance,Varaine,Vardan,Varnis,Vaurice,Velan,Velian,Ven,Vencobert,Verdrey,Verel,Verick,Verney,Veronard,Verrik,Vertrand,Vic,Vicente,Vicmond,Victraud,Vierry,Vignac,Vilhim,Vincebald,Vincein,Vincent,Virgeraud,Virgile,Vontan,Vorthag,Vyctor,Vyrois,Warrane,Wergital,Weylin,Wilkes,Willem,William,Wylon,Wynn,Wynster,Xandier,Xavippe,Yanis,Ylbert,Ylbore,Ylvandre,Yncien,Yngwie,Yugene,Yves,Zacharie,Zackael,Zaros,Zavierry,Zavour,Zibaran
